{"_step":9999,"_runtime":3458.287251732,"_timestamp":1.761407401921098e+09,"_wandb":{"runtime":3458},"train/epoch":9999,"train/lr":0.001,"val/loss":0.050379592925310135,"meta/elapsed_s":3458.19841504097,"train/loss":0.01479893688298762}