{"train/epoch":9999,"meta/elapsed_s":2699.3389117717743,"train/loss":0.022433943982468917,"train/lr":0.001,"_wandb":{"runtime":2699},"_timestamp":1.7615086065066469e+09,"_step":9999,"_runtime":2699.420958564,"val/loss":0.070212721824646}