{"_runtime":3000.786944074,"_wandb":{"runtime":3000},"meta/elapsed_s":3000.704376935959,"train/loss":0.022714403202291577,"train/epoch":9999,"_step":9999,"train/lr":0.001,"val/loss":0.07486758381128311,"_timestamp":1.7614325191834273e+09}